B4TOD4,B5TOB4,R45TOB4,OMEGA5,GAMMAU,ALPHA4,RE,PT_LOSS
-1.0,0.0,-0.219512195121951,0.0,1.0,1.0,-1.0,0.1394
1.0,0.0,-1.0,0.0,0.0,0.6000000000000001,1.0,0.1897
1.0,-1.0,-0.219512195121951,0.0,1.0,1.0,-1.0,0.3708
-1.0,0.0,1.0,0.0,-1.0,-0.6,-1.0,0.2658
-1.0,0.0,-1.0,0.0,-1.0,0.6000000000000001,-1.0,0.05449
1.0,0.0,-1.0,0.0,0.0,-0.6,1.0,0.2396
1.0,1.0,1.0,0.0,0.0,-0.1999999999999999,1.0,0.3108
-1.0,0.0,1.0,1.0,1.0,-1.0,1.0,0.367387
-0.6842105263157895,-1.0,1.0,0.0,0.0,0.1999999999999999,-1.0,0.1623
-0.6842105263157895,1.0,-0.219512195121951,0.0,1.0,0.6000000000000001,-1.0,0.161
-0.6842105263157895,0.0,1.0,-1.0,0.0,-0.1999999999999999,1.0,0.140173
-0.6842105263157895,-1.0,1.0,1.0,-1.0,-1.0,1.0,0.353935
-0.6842105263157895,-1.0,-0.219512195121951,0.0,0.0,-0.6,1.0,0.1292
-0.6842105263157895,0.0,-0.219512195121951,0.0,1.0,-1.0,-1.0,0.275
-1.0,0.0,-1.0,1.0,1.0,1.0,1.0,0.168075
-0.6842105263157895,-1.0,1.0,0.0,-1.0,0.6000000000000001,-1.0,0.1505
-1.0,1.0,-1.0,0.0,0.0,-0.6,-1.0,0.07857
-0.6842105263157895,0.0,-0.219512195121951,0.0,-1.0,0.1999999999999999,-1.0,0.08344
-1.0,0.0,-1.0,-1.0,1.0,1.0,1.0,0.0447108
-0.6842105263157895,0.0,1.0,0.0,0.0,0.1999999999999999,1.0,0.1111
-1.0,-1.0,-1.0,1.0,0.0,-1.0,1.0,0.0942542
1.0,-1.0,-1.0,-1.0,0.0,-0.1999999999999999,-1.0,0.158515
1.0,1.0,1.0,0.0,-1.0,-0.1999999999999999,-1.0,0.4137
-1.0,0.0,1.0,1.0,1.0,-0.1999999999999999,1.0,0.172428
-0.6842105263157895,-1.0,1.0,0.0,-1.0,-1.0,-1.0,0.4175
-1.0,0.0,1.0,-1.0,-1.0,-0.1999999999999999,-1.0,0.190928
-0.6842105263157895,-1.0,-1.0,-1.0,-1.0,-0.1999999999999999,1.0,0.043276
-1.0,0.0,-1.0,0.0,0.0,0.1999999999999999,-1.0,0.07777
1.0,1.0,1.0,0.0,1.0,0.6000000000000001,-1.0,0.4329
1.0,-1.0,1.0,0.0,-1.0,0.1999999999999999,1.0,0.3652
1.0,-1.0,1.0,1.0,0.0,-0.1999999999999999,1.0,0.25516
1.0,1.0,1.0,0.0,1.0,-0.1999999999999999,-1.0,0.3525
-1.0,1.0,1.0,0.0,0.0,-0.6,1.0,0.2019
-1.0,-1.0,1.0,0.0,1.0,-1.0,1.0,0.3677
-1.0,1.0,-1.0,0.0,-1.0,0.1999999999999999,-1.0,0.05265
1.0,0.0,-0.219512195121951,0.0,0.0,0.1999999999999999,1.0,0.2407
-1.0,0.0,1.0,0.0,1.0,0.6000000000000001,1.0,0.1505
-1.0,-1.0,-0.219512195121951,0.0,0.0,0.1999999999999999,-1.0,0.1015
-0.6842105263157895,-1.0,1.0,0.0,1.0,0.1999999999999999,1.0,0.1687
-1.0,0.0,-1.0,0.0,-1.0,1.0,-1.0,0.05754
-0.6842105263157895,0.0,1.0,1.0,0.0,-0.1999999999999999,1.0,0.140238
-1.0,0.0,-0.219512195121951,0.0,1.0,0.6000000000000001,-1.0,0.1342
-0.6842105263157895,-1.0,1.0,-1.0,1.0,-0.1999999999999999,-1.0,0.216764
-1.0,-1.0,-0.219512195121951,0.0,-1.0,-0.1999999999999999,1.0,0.0871
-0.6842105263157895,-1.0,-1.0,0.0,-1.0,-0.1999999999999999,1.0,0.04828
1.0,0.0,-0.219512195121951,0.0,1.0,-1.0,-1.0,0.4881
-0.6842105263157895,1.0,-1.0,0.0,1.0,0.1999999999999999,1.0,0.1325
-1.0,-1.0,-1.0,-1.0,0.0,-0.1999999999999999,1.0,0.0580994
-1.0,0.0,-1.0,0.0,-1.0,-0.6,1.0,0.05025
-1.0,0.0,1.0,0.0,-1.0,-0.6,1.0,0.2091
-1.0,-1.0,-1.0,0.0,-1.0,-0.1999999999999999,-1.0,0.05791
-0.6842105263157895,-1.0,1.0,0.0,0.0,1.0,-1.0,0.1294
1.0,-1.0,-1.0,1.0,-1.0,-1.0,-1.0,0.248302
1.0,1.0,-1.0,0.0,1.0,-1.0,1.0,0.1596
1.0,-1.0,1.0,0.0,1.0,1.0,1.0,0.416
-1.0,1.0,-0.219512195121951,0.0,0.0,-1.0,-1.0,0.2626
1.0,-1.0,-1.0,1.0,0.0,-1.0,1.0,0.18184
-0.6842105263157895,0.0,-1.0,0.0,0.0,0.1999999999999999,-1.0,0.09134
-1.0,-1.0,1.0,1.0,-1.0,1.0,-1.0,0.141819
-0.6842105263157895,0.0,-1.0,0.0,1.0,1.0,1.0,0.1421
-0.6842105263157895,0.0,1.0,1.0,1.0,-0.1999999999999999,1.0,0.167861
1.0,1.0,-0.219512195121951,0.0,-1.0,-0.1999999999999999,1.0,0.304
-1.0,0.0,-1.0,1.0,0.0,1.0,-1.0,0.114429
-0.6842105263157895,0.0,1.0,0.0,-1.0,0.1999999999999999,-1.0,0.1536
-1.0,-1.0,-0.219512195121951,0.0,0.0,-0.1999999999999999,-1.0,0.1219
1.0,-1.0,1.0,0.0,-1.0,-1.0,-1.0,0.5029
-1.0,-1.0,-1.0,1.0,0.0,1.0,1.0,0.0676262
1.0,-1.0,-1.0,0.0,0.0,1.0,1.0,0.1659
-1.0,1.0,1.0,0.0,0.0,0.6000000000000001,-1.0,0.1148
1.0,-1.0,-1.0,-1.0,1.0,-0.1999999999999999,1.0,0.15895
-1.0,1.0,-1.0,0.0,0.0,-1.0,1.0,0.08994
-1.0,-1.0,-1.0,1.0,-1.0,-0.1999999999999999,1.0,0.0433477
1.0,1.0,-0.219512195121951,0.0,0.0,0.1999999999999999,1.0,0.2634
1.0,0.0,-1.0,0.0,1.0,-0.6,1.0,0.2382
1.0,1.0,1.0,0.0,0.0,1.0,1.0,0.1577
1.0,0.0,-1.0,0.0,0.0,0.1999999999999999,1.0,0.2074
1.0,1.0,1.0,0.0,-1.0,1.0,-1.0,0.4569
-0.6842105263157895,1.0,1.0,0.0,-1.0,0.1999999999999999,1.0,0.1227
1.0,0.0,-0.219512195121951,0.0,-1.0,0.1999999999999999,-1.0,0.291
-0.6842105263157895,1.0,-1.0,0.0,1.0,-0.6,1.0,0.109
1.0,-1.0,1.0,0.0,-1.0,-0.6,1.0,0.3613
-1.0,1.0,1.0,0.0,0.0,-0.1999999999999999,1.0,0.1404
1.0,1.0,1.0,0.0,1.0,1.0,1.0,0.449
-1.0,-1.0,-0.219512195121951,0.0,1.0,-0.1999999999999999,-1.0,0.1451
-0.6842105263157895,1.0,-0.219512195121951,0.0,1.0,-0.1999999999999999,-1.0,0.1513
-1.0,-1.0,1.0,0.0,-1.0,0.6000000000000001,1.0,0.1177
1.0,0.0,-1.0,0.0,0.0,1.0,1.0,0.1789
-1.0,0.0,1.0,-1.0,-1.0,-0.1999999999999999,1.0,0.154047
1.0,1.0,1.0,0.0,-1.0,0.1999999999999999,1.0,0.3999
-0.6842105263157895,-1.0,-1.0,1.0,-1.0,-0.1999999999999999,-1.0,0.0555584
-1.0,-1.0,-0.219512195121951,0.0,-1.0,-1.0,-1.0,0.2778
1.0,-1.0,-1.0,1.0,1.0,-0.1999999999999999,1.0,0.158097
1.0,0.0,-1.0,0.0,-1.0,-1.0,-1.0,0.3049
1.0,-1.0,-1.0,-1.0,1.0,1.0,1.0,0.154887
1.0,-1.0,-1.0,0.0,1.0,0.1999999999999999,1.0,0.2432
-1.0,0.0,-1.0,-1.0,-1.0,-1.0,-1.0,0.109443
-1.0,1.0,-1.0,0.0,-1.0,-0.6,-1.0,0.06482
-0.6842105263157895,0.0,-0.219512195121951,0.0,0.0,0.1999999999999999,-1.0,0.09266
-0.6842105263157895,-1.0,-0.219512195121951,0.0,-1.0,0.1999999999999999,-1.0,0.09066
-0.6842105263157895,-1.0,-1.0,0.0,0.0,0.6000000000000001,-1.0,0.08695
-1.0,-1.0,1.0,0.0,0.0,-0.1999999999999999,-1.0,0.2131
-0.6842105263157895,0.0,-1.0,-1.0,-1.0,-1.0,-1.0,0.133525
-1.0,-1.0,-1.0,0.0,1.0,-0.6,1.0,0.0818
-1.0,0.0,1.0,0.0,0.0,-1.0,-1.0,0.4363
1.0,1.0,1.0,0.0,0.0,-1.0,-1.0,0.5846
-0.6842105263157895,0.0,-0.219512195121951,0.0,-1.0,0.6000000000000001,-1.0,0.07211
1.0,0.0,-0.219512195121951,0.0,0.0,-0.6,1.0,0.2644
-0.6842105263157895,1.0,1.0,0.0,-1.0,-0.1999999999999999,-1.0,0.1784
1.0,-1.0,1.0,1.0,-1.0,-0.1999999999999999,1.0,0.317438
-1.0,-1.0,-0.219512195121951,0.0,1.0,0.6000000000000001,-1.0,0.1395
-0.6842105263157895,-1.0,-1.0,0.0,-1.0,1.0,-1.0,0.05802
1.0,-1.0,-0.219512195121951,0.0,-1.0,-0.1999999999999999,1.0,0.265
-1.0,0.0,1.0,0.0,0.0,-1.0,1.0,0.3577
1.0,-1.0,1.0,0.0,0.0,-1.0,1.0,0.3878
-1.0,0.0,1.0,0.0,0.0,0.1999999999999999,-1.0,0.1528
-0.6842105263157895,0.0,-1.0,-1.0,0.0,1.0,-1.0,0.0857268
-1.0,1.0,-0.219512195121951,0.0,-1.0,-0.1999999999999999,-1.0,0.09868
1.0,-1.0,-1.0,-1.0,-1.0,1.0,1.0,0.0369099
-0.6842105263157895,1.0,-0.219512195121951,0.0,1.0,0.6000000000000001,1.0,0.1473
-0.6842105263157895,-1.0,1.0,1.0,1.0,1.0,1.0,0.172825
1.0,-1.0,1.0,0.0,1.0,-0.1999999999999999,-1.0,0.348
-1.0,-1.0,-1.0,-1.0,0.0,1.0,-1.0,0.0783386
1.0,-1.0,-1.0,1.0,-1.0,1.0,1.0,0.0370209
1.0,1.0,-1.0,0.0,0.0,-1.0,1.0,0.2705
-0.6842105263157895,1.0,-1.0,0.0,0.0,-0.6,1.0,0.08775
-0.6842105263157895,-1.0,-1.0,0.0,1.0,0.6000000000000001,-1.0,0.1355
1.0,-1.0,-0.219512195121951,0.0,0.0,0.1999999999999999,1.0,0.225
-0.6842105263157895,-1.0,1.0,1.0,-1.0,-0.1999999999999999,-1.0,0.196074
-1.0,1.0,1.0,0.0,0.0,1.0,1.0,0.07618
-0.6842105263157895,0.0,1.0,0.0,-1.0,0.6000000000000001,1.0,0.1129
1.0,1.0,1.0,0.0,0.0,1.0,-1.0,0.1993
-1.0,0.0,-1.0,-1.0,-1.0,-1.0,1.0,0.0849184
1.0,-1.0,1.0,0.0,0.0,-0.6,1.0,0.2853
-0.6842105263157895,-1.0,-1.0,1.0,0.0,-1.0,1.0,0.113728
-0.6842105263157895,0.0,1.0,0.0,1.0,-0.6,-1.0,0.2553
1.0,1.0,1.0,0.0,-1.0,-0.6,-1.0,0.4507
-1.0,1.0,-0.219512195121951,0.0,1.0,0.1999999999999999,1.0,0.1148
-0.6842105263157895,0.0,-1.0,0.0,0.0,-1.0,-1.0,0.1545
-0.6842105263157895,1.0,1.0,0.0,1.0,0.1999999999999999,-1.0,0.1846
-0.6842105263157895,-1.0,-0.219512195121951,0.0,-1.0,-1.0,1.0,0.2371
-0.6842105263157895,0.0,1.0,0.0,0.0,-1.0,1.0,0.3371
-1.0,-1.0,-0.219512195121951,0.0,0.0,-1.0,-1.0,0.2797
-1.0,0.0,-1.0,0.0,0.0,0.1999999999999999,1.0,0.06273
-1.0,0.0,-1.0,-1.0,1.0,-1.0,1.0,0.0991936
-1.0,-1.0,-0.219512195121951,0.0,0.0,1.0,-1.0,0.08462
1.0,-1.0,-0.219512195121951,0.0,1.0,0.6000000000000001,1.0,0.3435
1.0,-1.0,1.0,-1.0,-1.0,-1.0,-1.0,0.799406
1.0,1.0,-1.0,0.0,0.0,-1.0,-1.0,0.2982
-0.6842105263157895,0.0,1.0,-1.0,0.0,-1.0,1.0,0.35767
1.0,-1.0,-0.219512195121951,0.0,-1.0,-0.6,-1.0,0.3758
-0.6842105263157895,0.0,1.0,-1.0,1.0,-0.1999999999999999,-1.0,0.204518
1.0,0.0,-1.0,0.0,-1.0,-0.1999999999999999,1.0,0.2008
1.0,-1.0,-1.0,1.0,-1.0,-0.1999999999999999,1.0,0.108583
-1.0,0.0,-1.0,-1.0,1.0,-0.1999999999999999,1.0,0.0864501
-0.6842105263157895,-1.0,-1.0,-1.0,0.0,-1.0,1.0,0.113784
-1.0,0.0,-0.219512195121951,0.0,1.0,0.6000000000000001,1.0,0.1201
-1.0,-1.0,-0.219512195121951,0.0,-1.0,0.1999999999999999,-1.0,0.09124
-0.6842105263157895,1.0,-1.0,0.0,0.0,0.1999999999999999,-1.0,0.09563
1.0,0.0,1.0,0.0,-1.0,-0.1999999999999999,-1.0,0.4142
-0.6842105263157895,0.0,-0.219512195121951,0.0,1.0,1.0,-1.0,0.162
1.0,1.0,-0.219512195121951,0.0,0.0,-0.6,1.0,0.2825
-0.6842105263157895,0.0,1.0,1.0,-1.0,1.0,1.0,0.107776
-1.0,1.0,1.0,0.0,1.0,-1.0,1.0,0.3515
-0.6842105263157895,-1.0,-1.0,0.0,-1.0,-1.0,-1.0,0.152
1.0,-1.0,-1.0,0.0,1.0,1.0,-1.0,0.2559
-1.0,-1.0,1.0,0.0,1.0,1.0,1.0,0.1637
-1.0,0.0,1.0,1.0,0.0,-1.0,1.0,0.366276
-0.6842105263157895,0.0,1.0,1.0,1.0,1.0,-1.0,0.186024
1.0,-1.0,-0.219512195121951,0.0,0.0,0.6000000000000001,1.0,0.1789
-1.0,-1.0,1.0,0.0,1.0,1.0,-1.0,0.191
-0.6842105263157895,1.0,1.0,0.0,-1.0,0.6000000000000001,-1.0,0.1392
-1.0,0.0,1.0,-1.0,0.0,-0.1999999999999999,1.0,0.152251
-0.6842105263157895,-1.0,-0.219512195121951,0.0,1.0,-1.0,-1.0,0.2806
-0.6842105263157895,0.0,1.0,0.0,0.0,-0.1999999999999999,1.0,0.1407
-1.0,0.0,1.0,1.0,-1.0,-0.1999999999999999,-1.0,0.191083
-1.0,-1.0,-0.219512195121951,0.0,-1.0,-0.1999999999999999,-1.0,0.1138
1.0,1.0,-1.0,0.0,0.0,1.0,1.0,0.1726
1.0,0.0,-1.0,0.0,1.0,0.6000000000000001,1.0,0.2384
-1.0,0.0,-0.219512195121951,0.0,-1.0,-0.1999999999999999,-1.0,0.1037
-0.6842105263157895,1.0,1.0,0.0,-1.0,0.1999999999999999,-1.0,0.1512
-0.6842105263157895,0.0,-0.219512195121951,0.0,1.0,-0.1999999999999999,-1.0,0.1498
-1.0,1.0,-1.0,0.0,0.0,0.1999999999999999,1.0,0.06608
-1.0,-1.0,-0.219512195121951,0.0,1.0,-0.6,-1.0,0.1755
-0.6842105263157895,0.0,-1.0,-1.0,-1.0,1.0,-1.0,0.0462237
1.0,1.0,-1.0,0.0,1.0,-0.1999999999999999,1.0,0.2568
1.0,-1.0,-1.0,0.0,-1.0,-0.6,1.0,0.2497
-1.0,0.0,-1.0,0.0,1.0,-1.0,-1.0,0.1237
-1.0,-1.0,1.0,0.0,1.0,-0.6,-1.0,0.2892
1.0,1.0,-1.0,0.0,1.0,0.6000000000000001,1.0,0.2766
-0.6842105263157895,0.0,-0.219512195121951,0.0,-1.0,1.0,-1.0,0.06588
-0.6842105263157895,-1.0,-1.0,1.0,-1.0,-1.0,-1.0,0.13452
-0.6842105263157895,0.0,1.0,0.0,1.0,-1.0,-1.0,0.3998
-1.0,-1.0,1.0,0.0,0.0,-0.6,1.0,0.2228
-0.6842105263157895,-1.0,1.0,1.0,0.0,1.0,-1.0,0.129175
-0.6842105263157895,-1.0,1.0,-1.0,-1.0,1.0,-1.0,0.14179
-0.6842105263157895,1.0,-1.0,0.0,-1.0,0.1999999999999999,-1.0,0.05791
-1.0,1.0,1.0,0.0,-1.0,0.6000000000000001,-1.0,0.1249
-0.6842105263157895,-1.0,-0.219512195121951,0.0,1.0,0.1999999999999999,-1.0,0.1501
-1.0,-1.0,-0.219512195121951,0.0,1.0,1.0,-1.0,0.1434
-0.6842105263157895,0.0,-1.0,0.0,0.0,1.0,-1.0,0.1044
1.0,-1.0,1.0,1.0,-1.0,1.0,-1.0,0.30632
-1.0,1.0,-1.0,0.0,1.0,0.6000000000000001,-1.0,0.149
-0.6842105263157895,-1.0,-1.0,1.0,0.0,-0.1999999999999999,-1.0,0.0740551
1.0,-1.0,1.0,-1.0,-1.0,1.0,-1.0,0.306018
-1.0,0.0,-1.0,1.0,1.0,-1.0,-1.0,0.125074
-1.0,-1.0,-1.0,1.0,1.0,-0.1999999999999999,-1.0,0.096907
-0.6842105263157895,-1.0,1.0,1.0,1.0,-1.0,-1.0,0.410453
-0.6842105263157895,1.0,1.0,0.0,1.0,0.6000000000000001,-1.0,0.1857
-1.0,0.0,1.0,1.0,1.0,1.0,1.0,0.154332
-1.0,-1.0,1.0,0.0,-1.0,-0.6,-1.0,0.2815
-1.0,-1.0,-1.0,0.0,0.0,-1.0,-1.0,0.1217
-1.0,0.0,1.0,0.0,-1.0,0.6000000000000001,-1.0,0.1322
1.0,0.0,1.0,0.0,-1.0,0.1999999999999999,-1.0,0.408
-1.0,1.0,1.0,0.0,1.0,0.6000000000000001,-1.0,0.1688
1.0,-1.0,1.0,0.0,1.0,0.1999999999999999,1.0,0.3649
-0.6842105263157895,-1.0,-1.0,1.0,0.0,1.0,1.0,0.0682772
-0.6842105263157895,0.0,-0.219512195121951,0.0,0.0,1.0,1.0,0.05883
1.0,-1.0,1.0,0.0,1.0,-1.0,1.0,0.4104
-0.6842105263157895,1.0,-1.0,0.0,-1.0,0.6000000000000001,1.0,0.03942
1.0,-1.0,1.0,0.0,1.0,-0.6,-1.0,0.3996
-0.6842105263157895,-1.0,1.0,1.0,1.0,-1.0,1.0,0.354901
-0.6842105263157895,-1.0,-1.0,0.0,-1.0,-0.1999999999999999,-1.0,0.06538
1.0,-1.0,-1.0,0.0,-1.0,-0.6,-1.0,0.2941
-1.0,0.0,1.0,-1.0,0.0,-1.0,-1.0,0.442638
-0.6842105263157895,-1.0,-1.0,0.0,0.0,-1.0,-1.0,0.1532
-1.0,-1.0,-0.219512195121951,0.0,0.0,-0.6,-1.0,0.1645
-1.0,0.0,1.0,0.0,-1.0,1.0,1.0,0.09497
-0.6842105263157895,-1.0,-1.0,-1.0,0.0,1.0,-1.0,0.0793207
1.0,-1.0,-1.0,0.0,-1.0,-1.0,1.0,0.2527
-0.6842105263157895,0.0,-1.0,-1.0,0.0,-1.0,-1.0,0.141253
1.0,-1.0,-0.219512195121951,0.0,-1.0,1.0,1.0,0.2091
-1.0,-1.0,-0.219512195121951,0.0,1.0,-0.6,1.0,0.1393
-0.6842105263157895,1.0,-0.219512195121951,0.0,0.0,-0.1999999999999999,1.0,0.08554
-1.0,-1.0,1.0,-1.0,0.0,-1.0,-1.0,0.448773
-1.0,1.0,-1.0,0.0,0.0,1.0,-1.0,0.1004
1.0,-1.0,-1.0,0.0,-1.0,0.6000000000000001,1.0,0.06044
1.0,1.0,-0.219512195121951,0.0,-1.0,0.6000000000000001,1.0,0.2551
-1.0,1.0,-0.219512195121951,0.0,-1.0,-1.0,1.0,0.2055
1.0,0.0,-0.219512195121951,0.0,-1.0,-1.0,-1.0,0.432
-1.0,-1.0,1.0,0.0,-1.0,-1.0,-1.0,0.4471
-0.6842105263157895,1.0,1.0,0.0,0.0,-0.1999999999999999,1.0,0.1341
-1.0,-1.0,1.0,0.0,-1.0,-0.1999999999999999,-1.0,0.2099
-0.6842105263157895,-1.0,1.0,0.0,1.0,-1.0,1.0,0.337
-0.6842105263157895,0.0,-1.0,1.0,-1.0,-0.1999999999999999,1.0,0.0394349
-1.0,0.0,-1.0,-1.0,0.0,1.0,1.0,0.0684067
-0.6842105263157895,-1.0,-1.0,-1.0,0.0,-1.0,-1.0,0.140378
1.0,-1.0,1.0,0.0,0.0,0.6000000000000001,-1.0,0.2378
-0.6842105263157895,-1.0,1.0,-1.0,1.0,-1.0,1.0,0.35482
1.0,0.0,-1.0,0.0,0.0,-0.6,-1.0,0.2784
-1.0,0.0,-0.219512195121951,0.0,1.0,-1.0,1.0,0.2155
-1.0,-1.0,1.0,-1.0,1.0,-1.0,1.0,0.381263
1.0,1.0,-1.0,0.0,0.0,0.1999999999999999,-1.0,0.2437
1.0,0.0,-1.0,0.0,0.0,-0.1999999999999999,-1.0,0.2657
-0.6842105263157895,1.0,1.0,0.0,0.0,-0.6,-1.0,0.2421
-1.0,0.0,-0.219512195121951,0.0,1.0,-0.6,1.0,0.1328
-0.6842105263157895,0.0,-1.0,-1.0,1.0,-0.1999999999999999,-1.0,0.113148
-1.0,-1.0,-0.219512195121951,0.0,1.0,1.0,1.0,0.1288
-1.0,1.0,-1.0,0.0,1.0,0.1999999999999999,-1.0,0.1311
-0.6842105263157895,-1.0,-0.219512195121951,0.0,0.0,1.0,1.0,0.06788
-1.0,1.0,1.0,0.0,0.0,0.1999999999999999,1.0,0.1076
1.0,-1.0,-1.0,-1.0,1.0,-0.1999999999999999,-1.0,0.181677
-1.0,-1.0,-1.0,0.0,0.0,-0.6,-1.0,0.08028
-1.0,0.0,-0.219512195121951,0.0,-1.0,-0.6,-1.0,0.1491
-0.6842105263157895,-1.0,-1.0,0.0,-1.0,1.0,1.0,0.04336
-0.6842105263157895,0.0,-1.0,1.0,0.0,-0.1999999999999999,-1.0,0.0752995
1.0,-1.0,1.0,0.0,0.0,1.0,1.0,0.1598
1.0,-1.0,1.0,1.0,-1.0,-0.1999999999999999,-1.0,0.327432
1.0,0.0,-1.0,0.0,-1.0,-1.0,1.0,0.2456
1.0,-1.0,1.0,0.0,-1.0,-1.0,1.0,0.3734
-0.6842105263157895,0.0,-1.0,0.0,0.0,0.1999999999999999,1.0,0.07269
-1.0,-1.0,-1.0,0.0,1.0,-0.1999999999999999,-1.0,0.1014
1.0,1.0,1.0,0.0,1.0,0.1999999999999999,-1.0,0.4087
-0.6842105263157895,0.0,1.0,1.0,1.0,1.0,1.0,0.166711
1.0,-1.0,1.0,0.0,1.0,0.6000000000000001,1.0,0.3913
-1.0,1.0,1.0,0.0,0.0,-0.1999999999999999,-1.0,0.1812
-1.0,0.0,1.0,-1.0,1.0,1.0,1.0,0.154739
1.0,1.0,-0.219512195121951,0.0,-1.0,1.0,1.0,0.2477
1.0,-1.0,1.0,-1.0,1.0,-1.0,-1.0,0.817347
-1.0,0.0,-1.0,-1.0,1.0,-0.1999999999999999,-1.0,0.10047
-0.6842105263157895,0.0,-1.0,1.0,0.0,1.0,-1.0,0.0866246
1.0,-1.0,-0.219512195121951,0.0,-1.0,-1.0,-1.0,0.4248
-0.6842105263157895,-1.0,1.0,-1.0,0.0,-1.0,1.0,0.355694
-0.6842105263157895,-1.0,-1.0,0.0,1.0,-0.1999999999999999,1.0,0.1037
-1.0,-1.0,-1.0,0.0,-1.0,1.0,1.0,0.04562
-0.6842105263157895,0.0,1.0,-1.0,1.0,-0.1999999999999999,1.0,0.168005
-1.0,1.0,-0.219512195121951,0.0,1.0,-0.1999999999999999,-1.0,0.1337
-0.6842105263157895,-1.0,-1.0,0.0,1.0,0.1999999999999999,1.0,0.113
-1.0,-1.0,1.0,1.0,-1.0,-0.1999999999999999,-1.0,0.213068
1.0,-1.0,1.0,0.0,-1.0,-0.1999999999999999,-1.0,0.4029
-0.6842105263157895,-1.0,1.0,0.0,0.0,-0.1999999999999999,1.0,0.1521
-1.0,0.0,-1.0,1.0,-1.0,-1.0,1.0,0.0852259
-0.6842105263157895,-1.0,1.0,-1.0,0.0,-0.1999999999999999,1.0,0.151826
-0.6842105263157895,0.0,1.0,-1.0,-1.0,-0.1999999999999999,1.0,0.145448
-0.6842105263157895,-1.0,-1.0,-1.0,1.0,1.0,1.0,0.113122
-1.0,-1.0,1.0,0.0,0.0,-1.0,1.0,0.3673
-0.6842105263157895,1.0,1.0,0.0,1.0,0.6000000000000001,1.0,0.1665
-1.0,1.0,1.0,0.0,-1.0,0.1999999999999999,-1.0,0.1451
-1.0,1.0,-1.0,0.0,-1.0,1.0,1.0,0.04274
-1.0,1.0,-1.0,0.0,0.0,0.6000000000000001,1.0,0.07435
-1.0,0.0,1.0,0.0,0.0,0.6000000000000001,-1.0,0.1282
-0.6842105263157895,1.0,-0.219512195121951,0.0,1.0,-0.6,-1.0,0.1749
1.0,0.0,1.0,0.0,1.0,0.1999999999999999,1.0,0.3464
-0.6842105263157895,0.0,-1.0,0.0,-1.0,-0.1999999999999999,1.0,0.04549
-0.6842105263157895,0.0,1.0,1.0,1.0,-1.0,1.0,0.358656
1.0,0.0,-0.219512195121951,0.0,0.0,1.0,-1.0,0.2028
1.0,-1.0,1.0,1.0,0.0,-1.0,-1.0,0.870763
-1.0,1.0,-1.0,0.0,1.0,-1.0,1.0,0.09831
-1.0,-1.0,-1.0,0.0,0.0,-1.0,-1.0,0.121072
1.0,1.0,-0.219512195121951,0.0,0.0,0.1999999999999999,-1.0,0.3106
1.0,0.0,-0.219512195121951,0.0,-1.0,1.0,-1.0,0.2583
-0.6842105263157895,0.0,-1.0,-1.0,0.0,-0.1999999999999999,1.0,0.0598796
-0.6842105263157895,0.0,1.0,-1.0,0.0,-1.0,-1.0,0.410227
-0.6842105263157895,-1.0,1.0,1.0,0.0,1.0,1.0,0.0995425
1.0,-1.0,-1.0,0.0,1.0,-0.6,1.0,0.2404
-1.0,0.0,-1.0,0.0,0.0,0.6000000000000001,1.0,0.06894
-0.6842105263157895,0.0,-1.0,-1.0,-1.0,-0.1999999999999999,1.0,0.0390977
-0.6842105263157895,1.0,1.0,0.0,0.0,0.6000000000000001,-1.0,0.1121
-0.6842105263157895,0.0,1.0,0.0,0.0,1.0,1.0,0.08277
-1.0,-1.0,1.0,1.0,1.0,-0.1999999999999999,-1.0,0.230838
1.0,-1.0,1.0,-1.0,1.0,-0.1999999999999999,1.0,0.288381
-0.6842105263157895,1.0,-0.219512195121951,0.0,1.0,-1.0,-1.0,0.2732
-1.0,0.0,1.0,1.0,0.0,1.0,-1.0,0.11487
-0.6842105263157895,0.0,-1.0,-1.0,-1.0,-0.1999999999999999,-1.0,0.05142
1.0,-1.0,-1.0,1.0,-1.0,-1.0,1.0,0.199132
-0.6842105263157895,1.0,-1.0,0.0,-1.0,0.1999999999999999,1.0,0.04007
-1.0,-1.0,1.0,-1.0,-1.0,-0.1999999999999999,-1.0,0.212709
1.0,-1.0,-0.219512195121951,0.0,-1.0,0.6000000000000001,-1.0,0.2472
1.0,-1.0,-1.0,1.0,1.0,-0.1999999999999999,-1.0,0.182483
-0.6842105263157895,-1.0,-1.0,0.0,-1.0,0.1999999999999999,1.0,0.04403
-1.0,0.0,-1.0,-1.0,0.0,-0.1999999999999999,-1.0,0.0680635
-1.0,0.0,1.0,-1.0,-1.0,-1.0,-1.0,0.441177
-1.0,0.0,-1.0,0.0,1.0,1.0,-1.0,0.1498
-0.6842105263157895,-1.0,-0.219512195121951,0.0,0.0,0.1999999999999999,1.0,0.07991
-1.0,0.0,1.0,1.0,1.0,1.0,-1.0,0.174825
1.0,-1.0,-1.0,0.0,-1.0,-0.1999999999999999,-1.0,0.2428
-0.6842105263157895,0.0,1.0,0.0,1.0,-0.1999999999999999,1.0,0.1683
-0.6842105263157895,-1.0,-1.0,0.0,1.0,0.1999999999999999,-1.0,0.127
-1.0,0.0,1.0,-1.0,-1.0,-1.0,1.0,0.365046
-0.6842105263157895,-1.0,-0.219512195121951,0.0,1.0,0.6000000000000001,-1.0,0.1546
-0.6842105263157895,0.0,1.0,0.0,1.0,1.0,1.0,0.1729
-0.6842105263157895,-1.0,-1.0,1.0,1.0,-1.0,1.0,0.120294
1.0,0.0,1.0,0.0,1.0,1.0,1.0,0.4308
1.0,0.0,-0.219512195121951,0.0,0.0,0.6000000000000001,1.0,0.1932
-0.6842105263157895,0.0,-1.0,1.0,0.0,-1.0,1.0,0.115058
-0.6842105263157895,0.0,1.0,-1.0,-1.0,1.0,-1.0,0.130739
-0.6842105263157895,1.0,-1.0,0.0,1.0,-0.1999999999999999,1.0,0.1172
-1.0,-1.0,-1.0,0.0,0.0,-0.1999999999999999,-1.0,0.07308
-1.0,0.0,-1.0,1.0,-1.0,1.0,-1.0,0.0485245
-1.0,0.0,-1.0,1.0,-1.0,-0.1999999999999999,-1.0,0.0505029
-1.0,-1.0,-1.0,-1.0,-1.0,-0.1999999999999999,1.0,0.0432507
-0.6842105263157895,1.0,-1.0,0.0,-1.0,1.0,1.0,0.04027
-1.0,-1.0,-0.219512195121951,0.0,1.0,-0.1999999999999999,1.0,0.1195
-0.6842105263157895,-1.0,-0.219512195121951,0.0,1.0,1.0,-1.0,0.1608
1.0,1.0,1.0,0.0,-1.0,1.0,1.0,0.4424
-1.0,0.0,-1.0,1.0,1.0,1.0,-1.0,0.116428
-0.6842105263157895,1.0,-1.0,0.0,-1.0,-0.6,1.0,0.07006
1.0,1.0,1.0,0.0,0.0,-0.6,-1.0,0.3309
-1.0,0.0,-0.219512195121951,0.0,1.0,-0.6,-1.0,0.1663
-1.0,-1.0,-1.0,-1.0,-1.0,-1.0,1.0,0.0892996
1.0,-1.0,-1.0,1.0,1.0,-1.0,-1.0,0.228679
-1.0,-1.0,-1.0,0.0,-1.0,1.0,-1.0,0.05824
-1.0,-1.0,-1.0,0.0,1.0,0.6000000000000001,1.0,0.1097
-0.6842105263157895,1.0,-1.0,0.0,0.0,-1.0,1.0,0.1274
-1.0,-1.0,1.0,1.0,0.0,1.0,-1.0,0.140581
-0.6842105263157895,1.0,-0.219512195121951,0.0,0.0,-0.6,-1.0,0.156
-0.6842105263157895,-1.0,-0.219512195121951,0.0,-1.0,-0.1999999999999999,-1.0,0.1124
-0.6842105263157895,0.0,-0.219512195121951,0.0,-1.0,-0.6,1.0,0.1149
-0.6842105263157895,0.0,1.0,1.0,-1.0,-1.0,-1.0,0.41213
-0.6842105263157895,0.0,-1.0,0.0,1.0,-0.6,-1.0,0.1241
-1.0,-1.0,1.0,0.0,1.0,0.6000000000000001,1.0,0.1627
1.0,-1.0,-1.0,1.0,0.0,-0.1999999999999999,-1.0,0.158445
-0.6842105263157895,-1.0,1.0,0.0,1.0,-0.1999999999999999,-1.0,0.2171
-0.6842105263157895,-1.0,-1.0,0.0,0.0,1.0,1.0,0.0762
-1.0,0.0,1.0,0.0,1.0,0.1999999999999999,1.0,0.154
-1.0,-1.0,-1.0,-1.0,0.0,-0.6,-1.0,0.0780055
1.0,0.0,-1.0,0.0,1.0,0.1999999999999999,1.0,0.2609
-1.0,1.0,-0.219512195121951,0.0,-1.0,1.0,1.0,0.04589
-1.0,0.0,1.0,-1.0,0.0,1.0,-1.0,0.114746
-1.0,1.0,1.0,0.0,1.0,0.6000000000000001,1.0,0.1471
1.0,-1.0,1.0,0.0,1.0,-0.1999999999999999,1.0,0.3439
-1.0,0.0,-1.0,0.0,1.0,1.0,1.0,0.129
-0.6842105263157895,0.0,1.0,0.0,-1.0,1.0,1.0,0.1088
-1.0,-1.0,-1.0,-1.0,-1.0,1.0,1.0,0.0406532
1.0,0.0,-1.0,0.0,0.0,-1.0,1.0,0.2427
-1.0,0.0,-0.219512195121951,0.0,0.0,0.1999999999999999,1.0,0.07
1.0,1.0,1.0,0.0,0.0,-1.0,1.0,0.4503
-0.6842105263157895,0.0,-1.0,0.0,1.0,0.1999999999999999,-1.0,0.1422
-0.6842105263157895,-1.0,1.0,0.0,0.0,-0.1999999999999999,-1.0,0.1969
-0.6842105263157895,0.0,1.0,0.0,-1.0,1.0,-1.0,0.1322
-1.0,-1.0,-1.0,1.0,0.0,-0.1999999999999999,-1.0,0.0697226
-1.0,-1.0,-1.0,0.0,1.0,-0.1999999999999999,1.0,0.0884
1.0,-1.0,-1.0,0.0,-1.0,0.1999999999999999,1.0,0.1387
-0.6842105263157895,1.0,-0.219512195121951,0.0,-1.0,-0.1999999999999999,-1.0,0.1029
1.0,-1.0,1.0,-1.0,0.0,-0.1999999999999999,-1.0,0.27724
-1.0,1.0,-0.219512195121951,0.0,0.0,0.1999999999999999,1.0,0.06464
-0.6842105263157895,1.0,-0.219512195121951,0.0,-1.0,-1.0,-1.0,0.2884
-1.0,-1.0,-0.219512195121951,0.0,0.0,-0.1999999999999999,1.0,0.09461
1.0,1.0,-0.219512195121951,0.0,-1.0,-0.6,1.0,0.3458
1.0,-1.0,1.0,-1.0,1.0,-1.0,1.0,0.814588
-0.6842105263157895,1.0,-1.0,0.0,1.0,0.6000000000000001,-1.0,0.1671
-0.6842105263157895,-1.0,-0.219512195121951,0.0,0.0,-0.6,-1.0,0.167
-1.0,0.0,1.0,-1.0,0.0,-0.1999999999999999,-1.0,0.192288
1.0,0.0,-0.219512195121951,0.0,1.0,0.6000000000000001,1.0,0.3668
-0.6842105263157895,1.0,-1.0,0.0,-1.0,-1.0,1.0,0.1252
1.0,1.0,1.0,0.0,-1.0,-1.0,-1.0,0.3369
-0.6842105263157895,0.0,1.0,0.0,-1.0,-1.0,-1.0,0.411
-0.6842105263157895,0.0,-1.0,0.0,0.0,-0.1999999999999999,-1.0,0.09107
1.0,-1.0,-1.0,0.0,0.0,-0.1999999999999999,-1.0,0.2624
-0.6842105263157895,0.0,-1.0,0.0,-1.0,-1.0,-1.0,0.1529
-0.6842105263157895,1.0,1.0,0.0,-1.0,-0.6,-1.0,0.2394
-1.0,-1.0,1.0,0.0,0.0,1.0,1.0,0.1068
1.0,0.0,-1.0,0.0,1.0,1.0,-1.0,0.3103
1.0,1.0,-1.0,0.0,0.0,0.1999999999999999,1.0,0.2123
-1.0,0.0,1.0,-1.0,0.0,-1.0,1.0,0.366233
-1.0,-1.0,-1.0,0.0,0.0,-0.6,-1.0,0.0778683
-0.6842105263157895,0.0,1.0,0.0,0.0,-1.0,-1.0,0.4025
1.0,0.0,-0.219512195121951,0.0,1.0,0.1999999999999999,1.0,0.3478
1.0,-1.0,-1.0,0.0,1.0,0.6000000000000001,-1.0,0.264
1.0,0.0,-0.219512195121951,0.0,-1.0,0.6000000000000001,-1.0,0.2691
-1.0,0.0,1.0,0.0,0.0,0.1999999999999999,1.0,0.1176
-1.0,-1.0,1.0,0.0,1.0,0.1999999999999999,-1.0,0.2031
-0.6842105263157895,1.0,-1.0,0.0,0.0,-0.1999999999999999,-1.0,0.09414
-0.6842105263157895,1.0,-1.0,0.0,-1.0,1.0,-1.0,0.05818
-0.6842105263157895,0.0,-0.219512195121951,0.0,-1.0,-0.6,-1.0,0.15
-0.6842105263157895,-1.0,-1.0,-1.0,0.0,-0.1999999999999999,1.0,0.0612286
-0.6842105263157895,-1.0,1.0,0.0,1.0,-1.0,-1.0,0.405
-1.0,0.0,-0.219512195121951,0.0,-1.0,1.0,-1.0,0.06101
1.0,-1.0,-0.219512195121951,0.0,0.0,-0.6,-1.0,0.3369
-1.0,-1.0,1.0,1.0,0.0,-1.0,-1.0,0.448734
1.0,1.0,-0.219512195121951,0.0,1.0,0.1999999999999999,1.0,0.3669
-1.0,0.0,-1.0,0.0,1.0,0.6000000000000001,-1.0,0.1384
-0.6842105263157895,1.0,-0.219512195121951,0.0,-1.0,-0.6,1.0,0.1124
-0.6842105263157895,0.0,-0.219512195121951,0.0,1.0,0.1999999999999999,-1.0,0.1479
-1.0,-1.0,-1.0,0.0,-1.0,-0.1999999999999999,1.0,0.04555
-1.0,0.0,-1.0,-1.0,0.0,-1.0,1.0,0.0902644
-1.0,1.0,1.0,0.0,1.0,0.1999999999999999,1.0,0.1488
-0.6842105263157895,-1.0,1.0,1.0,0.0,-0.1999999999999999,-1.0,0.1959
-0.6842105263157895,0.0,-1.0,1.0,-1.0,-1.0,-1.0,0.134066
-1.0,-1.0,-0.219512195121951,0.0,-1.0,0.1999999999999999,1.0,0.06986
1.0,1.0,-0.219512195121951,0.0,1.0,0.6000000000000001,1.0,0.3891
-1.0,1.0,-0.219512195121951,0.0,1.0,-0.6,1.0,0.1291
-1.0,-1.0,-0.219512195121951,0.0,0.0,-1.0,1.0,0.2202
-0.6842105263157895,0.0,-1.0,-1.0,0.0,-1.0,1.0,0.114703
-1.0,0.0,1.0,1.0,-1.0,-1.0,-1.0,0.441418
-0.6842105263157895,-1.0,-0.219512195121951,0.0,-1.0,0.1999999999999999,1.0,0.0693
-0.6842105263157895,-1.0,1.0,0.0,-1.0,0.1999999999999999,-1.0,0.1658
-0.6842105263157895,-1.0,-1.0,0.0,0.0,-0.6,1.0,0.08162
-0.6842105263157895,0.0,-0.219512195121951,0.0,0.0,0.6000000000000001,-1.0,0.08083
-0.6842105263157895,-1.0,-1.0,0.0,1.0,-0.6,1.0,0.1009
1.0,0.0,1.0,0.0,0.0,-0.1999999999999999,1.0,0.1069
-1.0,1.0,-0.219512195121951,0.0,1.0,0.1999999999999999,-1.0,0.1306
-0.6842105263157895,-1.0,1.0,0.0,0.0,-1.0,-1.0,0.4096
-1.0,0.0,1.0,0.0,-1.0,1.0,-1.0,0.1198
1.0,1.0,-1.0,0.0,-1.0,-0.6,-1.0,0.2864
-1.0,1.0,-1.0,0.0,0.0,-1.0,-1.0,0.1155
1.0,0.0,-0.219512195121951,0.0,-1.0,-0.1999999999999999,-1.0,0.3243
-1.0,-1.0,-1.0,0.0,1.0,0.1999999999999999,-1.0,0.1124
-0.6842105263157895,1.0,-0.219512195121951,0.0,0.0,-0.1999999999999999,-1.0,0.1103
-0.6842105263157895,0.0,-1.0,0.0,0.0,-0.6,-1.0,0.1038
-0.6842105263157895,0.0,1.0,1.0,0.0,-0.1999999999999999,-1.0,0.180236
-1.0,-1.0,-1.0,0.0,1.0,1.0,1.0,0.1168
-0.6842105263157895,-1.0,1.0,0.0,-1.0,-0.6,-1.0,0.2572
-0.6842105263157895,-1.0,-0.219512195121951,0.0,-1.0,-0.1999999999999999,1.0,0.08564
-1.0,-1.0,1.0,1.0,1.0,-1.0,1.0,0.381216
1.0,-1.0,-1.0,0.0,-1.0,1.0,1.0,0.04858
1.0,-1.0,-0.219512195121951,0.0,1.0,0.6000000000000001,-1.0,0.3625
-0.6842105263157895,-1.0,1.0,1.0,0.0,-0.1999999999999999,1.0,0.151914
-1.0,-1.0,1.0,0.0,-1.0,-0.6,1.0,0.2207
1.0,0.0,1.0,0.0,-1.0,-1.0,-1.0,0.7775
-1.0,-1.0,1.0,0.0,-1.0,0.6000000000000001,-1.0,0.1513
-1.0,0.0,1.0,1.0,-1.0,1.0,1.0,0.0976376
-0.6842105263157895,0.0,1.0,0.0,1.0,-0.6,1.0,0.2056
-1.0,-1.0,1.0,1.0,0.0,-0.1999999999999999,-1.0,0.215635
1.0,1.0,-1.0,0.0,1.0,0.1999999999999999,-1.0,0.2259
-0.6842105263157895,-1.0,1.0,-1.0,1.0,1.0,1.0,0.173029
-0.6842105263157895,1.0,-1.0,0.0,1.0,1.0,1.0,0.1577
1.0,-1.0,-1.0,1.0,1.0,1.0,-1.0,0.168271
-0.6842105263157895,0.0,-1.0,1.0,0.0,-1.0,-1.0,0.141899
1.0,0.0,1.0,0.0,0.0,0.6000000000000001,1.0,1.549
-1.0,-1.0,-1.0,0.0,-1.0,0.6000000000000001,-1.0,0.05637
-0.6842105263157895,1.0,-1.0,0.0,1.0,0.1999999999999999,-1.0,0.1524
1.0,-1.0,-0.219512195121951,0.0,-1.0,0.1999999999999999,-1.0,0.2697
1.0,-1.0,-0.219512195121951,0.0,-1.0,-1.0,1.0,0.3582
-0.6842105263157895,-1.0,-1.0,1.0,1.0,-0.1999999999999999,1.0,0.0913715
-1.0,-1.0,-1.0,-1.0,0.0,0.1999999999999999,1.0,0.0598541
-0.6842105263157895,0.0,1.0,0.0,-1.0,0.1999999999999999,1.0,0.1227
-1.0,-1.0,-1.0,0.0,0.0,0.6000000000000001,-1.0,0.07953
-1.0,-1.0,-0.219512195121951,0.0,-1.0,-1.0,1.0,0.2183
-0.6842105263157895,1.0,1.0,0.0,1.0,-0.1999999999999999,1.0,0.1651
1.0,0.0,-0.219512195121951,0.0,0.0,-0.1999999999999999,1.0,0.291
-0.6842105263157895,-1.0,-1.0,0.0,-1.0,-0.6,1.0,0.06558
1.0,0.0,1.0,0.0,-1.0,-0.1999999999999999,1.0,0.3713
1.0,1.0,-1.0,0.0,-1.0,-1.0,1.0,0.2381
-0.6842105263157895,0.0,-1.0,1.0,1.0,-1.0,-1.0,0.149702
-1.0,0.0,-1.0,0.0,-1.0,-1.0,-1.0,0.1106
1.0,-1.0,-0.219512195121951,0.0,1.0,-0.1999999999999999,1.0,0.3104
-1.0,1.0,1.0,0.0,1.0,-1.0,-1.0,0.4268
-0.6842105263157895,-1.0,-0.219512195121951,0.0,0.0,0.6000000000000001,-1.0,0.09136
-0.6842105263157895,1.0,-0.219512195121951,0.0,-1.0,0.6000000000000001,1.0,0.05728
-0.6842105263157895,-1.0,1.0,0.0,0.0,-0.6,1.0,0.2056
-0.6842105263157895,1.0,-0.219512195121951,0.0,0.0,1.0,-1.0,0.07022
1.0,-1.0,1.0,-1.0,-1.0,-0.1999999999999999,1.0,0.317437
-1.0,1.0,1.0,0.0,0.0,0.6000000000000001,1.0,0.08815
-1.0,0.0,-1.0,1.0,1.0,-0.1999999999999999,-1.0,0.101983
-0.6842105263157895,-1.0,-0.219512195121951,0.0,0.0,0.1999999999999999,-1.0,0.1024
1.0,1.0,-1.0,0.0,-1.0,-0.6,1.0,0.2457
1.0,0.0,-0.219512195121951,0.0,-1.0,0.6000000000000001,1.0,0.2379
-0.6842105263157895,0.0,1.0,0.0,0.0,-0.6,-1.0,0.2494
-0.6842105263157895,1.0,-1.0,0.0,1.0,-0.6,-1.0,0.1268
-0.6842105263157895,0.0,-1.0,0.0,0.0,1.0,1.0,0.08095
1.0,0.0,-1.0,0.0,0.0,0.1999999999999999,-1.0,0.2417
-0.6842105263157895,0.0,1.0,0.0,0.0,0.6000000000000001,-1.0,0.1222
1.0,-1.0,1.0,1.0,-1.0,-1.0,-1.0,0.77808
-1.0,1.0,-0.219512195121951,0.0,0.0,-1.0,1.0,0.2072
-1.0,0.0,1.0,0.0,0.0,1.0,-1.0,0.1129
-0.6842105263157895,-1.0,1.0,0.0,-1.0,1.0,1.0,0.1147
-0.6842105263157895,-1.0,-0.219512195121951,0.0,1.0,0.6000000000000001,1.0,0.1383
1.0,0.0,-0.219512195121951,0.0,0.0,1.0,1.0,0.1595
-0.6842105263157895,0.0,-1.0,0.0,-1.0,-0.1999999999999999,-1.0,0.06597
-0.6842105263157895,1.0,1.0,0.0,1.0,-1.0,-1.0,0.399
-1.0,0.0,-1.0,1.0,0.0,-1.0,1.0,0.0905901
-0.6842105263157895,1.0,1.0,0.0,-1.0,1.0,-1.0,0.1345
-0.6842105263157895,0.0,-0.219512195121951,0.0,1.0,0.6000000000000001,1.0,0.1399
1.0,-1.0,-1.0,0.0,1.0,-1.0,1.0,0.2516
-0.6842105263157895,0.0,-1.0,0.0,-1.0,-1.0,1.0,0.1244
-1.0,0.0,-1.0,0.0,1.0,0.6000000000000001,1.0,0.1191
-0.6842105263157895,0.0,-1.0,0.0,-1.0,0.1999999999999999,1.0,0.04024
-0.6842105263157895,-1.0,1.0,-1.0,1.0,1.0,-1.0,0.197428
-0.6842105263157895,-1.0,1.0,1.0,-1.0,-0.1999999999999999,1.0,0.154
1.0,-1.0,1.0,0.0,1.0,0.6000000000000001,-1.0,0.4104
1.0,1.0,-1.0,0.0,1.0,-0.6,-1.0,0.2794
1.0,-1.0,-0.219512195121951,0.0,-1.0,0.1999999999999999,1.0,0.2356
-0.6842105263157895,-1.0,-1.0,-1.0,1.0,-1.0,-1.0,0.146779
-0.6842105263157895,-1.0,1.0,-1.0,-1.0,-1.0,-1.0,0.413476
-0.6842105263157895,0.0,-0.219512195121951,0.0,1.0,-0.1999999999999999,1.0,0.1265
-0.6842105263157895,1.0,-0.219512195121951,0.0,1.0,0.1999999999999999,-1.0,0.1521
-0.6842105263157895,0.0,-1.0,0.0,1.0,0.6000000000000001,-1.0,0.1458
-0.6842105263157895,-1.0,1.0,0.0,1.0,0.6000000000000001,1.0,0.1717
-1.0,0.0,1.0,1.0,0.0,-0.1999999999999999,-1.0,0.192268
-0.6842105263157895,0.0,1.0,0.0,0.0,0.1999999999999999,-1.0,0.1446
1.0,-1.0,-1.0,-1.0,-1.0,-1.0,-1.0,0.247558
-1.0,0.0,1.0,0.0,0.0,0.6000000000000001,1.0,0.09854
1.0,0.0,1.0,0.0,0.0,1.0,1.0,0.1559
-0.6842105263157895,-1.0,-0.219512195121951,0.0,1.0,-1.0,1.0,0.2262
-0.6842105263157895,-1.0,1.0,1.0,1.0,-0.1999999999999999,-1.0,0.216731
-0.6842105263157895,-1.0,-1.0,1.0,0.0,-0.1999999999999999,1.0,0.060919
-0.6842105263157895,0.0,-0.219512195121951,0.0,0.0,-0.6,-1.0,0.1597
-1.0,1.0,-0.219512195121951,0.0,1.0,-1.0,-1.0,0.2647
-0.6842105263157895,-1.0,-1.0,1.0,-1.0,1.0,-1.0,0.0494506
1.0,1.0,1.0,0.0,0.0,0.6000000000000001,-1.0,0.2418
-0.6842105263157895,0.0,-1.0,1.0,1.0,1.0,1.0,0.101912
-0.6842105263157895,0.0,1.0,1.0,1.0,-1.0,-1.0,0.411058
-0.6842105263157895,0.0,1.0,1.0,1.0,-0.1999999999999999,-1.0,0.204424
1.0,1.0,-1.0,0.0,-1.0,0.6000000000000001,-1.0,0.08492
1.0,-1.0,1.0,1.0,1.0,-1.0,1.0,0.828509
1.0,0.0,-1.0,0.0,0.0,1.0,-1.0,0.2123
-1.0,0.0,1.0,-1.0,0.0,1.0,1.0,0.0869456
1.0,1.0,-0.219512195121951,0.0,0.0,-1.0,-1.0,0.377
-1.0,-1.0,-1.0,-1.0,1.0,-0.1999999999999999,1.0,0.0843574
-0.6842105263157895,-1.0,1.0,-1.0,-1.0,1.0,1.0,0.113784
-0.6842105263157895,-1.0,-0.219512195121951,0.0,1.0,-0.6,-1.0,0.1807
1.0,-1.0,-0.219512195121951,0.0,1.0,-1.0,1.0,0.4131
1.0,0.0,1.0,0.0,0.0,-1.0,1.0,0.4565
-0.6842105263157895,-1.0,1.0,-1.0,1.0,-1.0,-1.0,0.410383
-0.6842105263157895,-1.0,-1.0,1.0,1.0,-1.0,-1.0,0.146782
1.0,0.0,1.0,0.0,0.0,-0.6,-1.0,0.2612
-1.0,1.0,-0.219512195121951,0.0,1.0,0.6000000000000001,-1.0,0.136
-1.0,-1.0,-1.0,0.0,0.0,1.0,-1.0,0.08446
1.0,0.0,1.0,0.0,0.0,-0.6,1.0,0.4006
-0.6842105263157895,-1.0,-0.219512195121951,0.0,1.0,-0.6,1.0,0.1453
1.0,-1.0,1.0,0.0,1.0,0.1999999999999999,-1.0,0.3928
-0.6842105263157895,-1.0,-1.0,-1.0,-1.0,-0.1999999999999999,-1.0,0.0554315
-1.0,-1.0,-1.0,0.0,0.0,1.0,1.0,0.07165
1.0,-1.0,1.0,0.0,-1.0,0.6000000000000001,1.0,0.3784
-0.6842105263157895,-1.0,-1.0,-1.0,-1.0,1.0,-1.0,0.0490282
-1.0,0.0,1.0,0.0,-1.0,0.6000000000000001,1.0,0.104
-0.6842105263157895,-1.0,-1.0,1.0,1.0,-0.1999999999999999,-1.0,0.105312
-1.0,-1.0,1.0,-1.0,1.0,1.0,-1.0,0.192766
-1.0,-1.0,1.0,1.0,0.0,-0.1999999999999999,1.0,0.165595
-0.6842105263157895,-1.0,-1.0,0.0,0.0,-0.6,-1.0,0.1001
1.0,1.0,-1.0,0.0,-1.0,1.0,-1.0,0.07529
-0.6842105263157895,1.0,-1.0,0.0,0.0,0.6000000000000001,1.0,0.08327
-1.0,-1.0,1.0,-1.0,1.0,1.0,1.0,0.1652
-1.0,0.0,1.0,0.0,1.0,1.0,-1.0,0.1735
-0.6842105263157895,-1.0,-1.0,1.0,0.0,1.0,-1.0,0.0798298
1.0,-1.0,-1.0,1.0,-1.0,1.0,-1.0,0.0534021
1.0,-1.0,-1.0,-1.0,-1.0,-0.1999999999999999,1.0,0.10934
-0.6842105263157895,0.0,-1.0,0.0,-1.0,1.0,1.0,0.03942
1.0,1.0,-1.0,0.0,1.0,0.1999999999999999,1.0,0.2677
1.0,-1.0,-1.0,0.0,0.0,-0.6,1.0,0.2409
1.0,-1.0,1.0,0.0,0.0,0.1999999999999999,1.0,0.2408
-0.6842105263157895,1.0,-0.219512195121951,0.0,0.0,-0.6,1.0,0.1215
-1.0,0.0,1.0,0.0,1.0,-0.6,1.0,0.2182
1.0,-1.0,-1.0,-1.0,1.0,1.0,-1.0,0.167741
-1.0,0.0,-1.0,-1.0,1.0,-1.0,-1.0,0.124496
1.0,1.0,-0.219512195121951,0.0,0.0,0.6000000000000001,-1.0,0.2626
-1.0,-1.0,-1.0,-1.0,1.0,-1.0,1.0,0.101773
1.0,-1.0,-0.219512195121951,0.0,1.0,1.0,1.0,0.3566
-1.0,1.0,1.0,0.0,1.0,-0.1999999999999999,-1.0,0.2012
1.0,0.0,-0.219512195121951,0.0,1.0,1.0,-1.0,0.3956
-0.6842105263157895,0.0,-1.0,0.0,1.0,-0.1999999999999999,-1.0,0.1281
-0.6842105263157895,-1.0,-1.0,0.0,1.0,-0.1999999999999999,-1.0,0.1182
1.0,1.0,1.0,0.0,-1.0,0.6000000000000001,-1.0,0.4392
1.0,0.0,-0.219512195121951,0.0,1.0,0.6000000000000001,-1.0,0.3851
-0.6842105263157895,1.0,-1.0,0.0,0.0,-0.6,-1.0,0.1061
-1.0,1.0,1.0,0.0,1.0,-0.1999999999999999,1.0,0.164
-0.6842105263157895,1.0,1.0,0.0,1.0,0.1999999999999999,1.0,0.1597
-1.0,-1.0,-1.0,0.0,1.0,-1.0,1.0,0.101
-1.0,-1.0,1.0,1.0,-1.0,-1.0,1.0,0.379406
-1.0,-1.0,-1.0,1.0,-1.0,1.0,-1.0,0.0510014
-1.0,0.0,-0.219512195121951,0.0,-1.0,-1.0,1.0,0.211
1.0,1.0,1.0,0.0,1.0,-1.0,-1.0,0.4493
-1.0,-1.0,-1.0,-1.0,-1.0,-0.1999999999999999,-1.0,0.0543186
-1.0,-1.0,-1.0,-1.0,0.0,-0.1999999999999999,-1.0,0.0695717
1.0,-1.0,-1.0,-1.0,-1.0,-1.0,1.0,0.201059
-0.6842105263157895,1.0,-0.219512195121951,0.0,0.0,-1.0,-1.0,0.281
1.0,0.0,-0.219512195121951,0.0,0.0,0.6000000000000001,-1.0,0.2397
-0.6842105263157895,0.0,-1.0,0.0,1.0,0.6000000000000001,1.0,0.1336
-0.6842105263157895,0.0,-1.0,1.0,1.0,-0.1999999999999999,1.0,0.0969161
-1.0,1.0,1.0,0.0,-1.0,0.1999999999999999,1.0,0.1147
-1.0,-1.0,-0.219512195121951,0.0,0.0,0.1999999999999999,1.0,0.07958
-0.6842105263157895,0.0,-1.0,-1.0,0.0,1.0,1.0,0.0697323
-1.0,0.0,-1.0,1.0,1.0,-1.0,1.0,0.0996037
-0.6842105263157895,0.0,1.0,1.0,-1.0,1.0,-1.0,0.131357
-0.6842105263157895,1.0,1.0,0.0,1.0,-0.6,-1.0,0.2488
-1.0,1.0,-1.0,0.0,-1.0,-0.6,1.0,0.04939
1.0,0.0,-0.219512195121951,0.0,1.0,-1.0,1.0,0.4151
1.0,1.0,1.0,0.0,1.0,-0.6,1.0,0.2861
1.0,1.0,-0.219512195121951,0.0,1.0,-1.0,1.0,0.4557
-1.0,0.0,1.0,0.0,0.0,-0.6,-1.0,0.2682
-1.0,-1.0,-1.0,1.0,-1.0,-1.0,1.0,0.0894224
-1.0,-1.0,-0.219512195121951,0.0,1.0,-1.0,1.0,0.2227
-1.0,-1.0,1.0,-1.0,0.0,-0.1999999999999999,1.0,0.165512
-1.0,0.0,-1.0,0.0,0.0,-0.1999999999999999,1.0,0.05858
-1.0,1.0,-0.219512195121951,0.0,-1.0,-0.6,1.0,0.1104
1.0,0.0,-1.0,0.0,-1.0,0.1999999999999999,-1.0,0.1935
1.0,1.0,-0.219512195121951,0.0,0.0,-1.0,1.0,0.3787
1.0,1.0,1.0,0.0,0.0,-0.6,1.0,0.3732
-1.0,1.0,-1.0,0.0,-1.0,-1.0,-1.0,0.1082
-0.6842105263157895,0.0,-0.219512195121951,0.0,-1.0,-0.1999999999999999,-1.0,0.1048
-1.0,1.0,1.0,0.0,-1.0,1.0,-1.0,0.1139
1.0,0.0,1.0,0.0,1.0,1.0,-1.0,0.4407
1.0,1.0,1.0,0.0,1.0,-0.6,-1.0,0.4712
-1.0,-1.0,-1.0,0.0,0.0,-1.0,1.0,0.094208
-1.0,0.0,1.0,1.0,-1.0,-1.0,1.0,0.3651
-1.0,0.0,1.0,-1.0,1.0,-1.0,1.0,0.367379
1.0,-1.0,-0.219512195121951,0.0,1.0,-0.1999999999999999,-1.0,0.3471
-0.6842105263157895,-1.0,-0.219512195121951,0.0,-1.0,-1.0,-1.0,0.293
-1.0,0.0,-1.0,1.0,-1.0,-1.0,-1.0,0.109857
1.0,1.0,-1.0,0.0,-1.0,-1.0,-1.0,0.301
-0.6842105263157895,0.0,-1.0,0.0,-1.0,0.1999999999999999,-1.0,0.05822
-0.6842105263157895,-1.0,1.0,-1.0,0.0,1.0,1.0,0.0993877
1.0,0.0,-1.0,0.0,1.0,-0.1999999999999999,-1.0,0.2864
-0.6842105263157895,-1.0,-1.0,0.0,1.0,-1.0,-1.0,0.1533
1.0,0.0,1.0,0.0,-1.0,0.6000000000000001,-1.0,0.4186
-1.0,0.0,-0.219512195121951,0.0,0.0,-1.0,-1.0,0.27
-0.6842105263157895,0.0,-0.219512195121951,0.0,-1.0,0.1999999999999999,1.0,0.06431
-1.0,1.0,-1.0,0.0,0.0,0.1999999999999999,-1.0,0.08148
-0.6842105263157895,0.0,-1.0,-1.0,1.0,-1.0,-1.0,0.149023
1.0,1.0,1.0,0.0,1.0,1.0,-1.0,0.4569
1.0,0.0,-0.219512195121951,0.0,-1.0,-0.1999999999999999,1.0,0.2858
1.0,0.0,-1.0,0.0,-1.0,0.6000000000000001,-1.0,0.1258
-1.0,0.0,-0.219512195121951,0.0,0.0,-0.6,-1.0,0.1539
1.0,0.0,-0.219512195121951,0.0,0.0,0.1999999999999999,-1.0,0.2883
-0.6842105263157895,1.0,-1.0,0.0,-1.0,0.6000000000000001,-1.0,0.05687
1.0,0.0,-0.219512195121951,0.0,0.0,-1.0,1.0,0.3588
-1.0,-1.0,-1.0,0.0,0.0,-1.0,1.0,0.09456
1.0,1.0,-1.0,0.0,1.0,1.0,1.0,0.2698
-1.0,-1.0,-1.0,0.0,0.0,0.1999999999999999,1.0,0.06304
-1.0,-1.0,-1.0,1.0,-1.0,-1.0,-1.0,0.116169
1.0,-1.0,-0.219512195121951,0.0,0.0,-0.6,1.0,0.2427
1.0,1.0,1.0,0.0,-1.0,-0.1999999999999999,1.0,0.3887
-0.6842105263157895,0.0,-0.219512195121951,0.0,0.0,-0.1999999999999999,1.0,0.08863
-1.0,1.0,-0.219512195121951,0.0,0.0,1.0,1.0,0.05184
-0.6842105263157895,-1.0,-1.0,0.0,1.0,1.0,1.0,0.1281
-0.6842105263157895,-1.0,-0.219512195121951,0.0,1.0,-0.1999999999999999,1.0,0.1283
1.0,0.0,1.0,0.0,0.0,1.0,-1.0,0.1977
-1.0,1.0,-0.219512195121951,0.0,0.0,-0.1999999999999999,-1.0,0.1033
1.0,-1.0,-1.0,0.0,0.0,1.0,-1.0,0.1901
-1.0,-1.0,1.0,0.0,1.0,0.1999999999999999,1.0,0.1666
-0.6842105263157895,0.0,-1.0,0.0,1.0,-1.0,1.0,0.1268
-0.6842105263157895,0.0,-0.219512195121951,0.0,0.0,0.6000000000000001,1.0,0.0636
1.0,0.0,-0.219512195121951,0.0,1.0,-0.1999999999999999,-1.0,0.36
1.0,-1.0,-1.0,-1.0,1.0,-1.0,1.0,0.169028
1.0,-1.0,-1.0,0.0,-1.0,1.0,-1.0,0.06777
-1.0,-1.0,1.0,0.0,-1.0,0.1999999999999999,1.0,0.1337
-1.0,1.0,1.0,0.0,-1.0,1.0,1.0,0.09187
1.0,0.0,1.0,0.0,0.0,-0.1999999999999999,-1.0,0.3611
-0.6842105263157895,1.0,-0.219512195121951,0.0,-1.0,1.0,1.0,0.05355
-1.0,-1.0,-1.0,-1.0,1.0,-0.1999999999999999,-1.0,0.0966608
1.0,0.0,1.0,0.0,1.0,-0.1999999999999999,1.0,0.4495
-1.0,0.0,-1.0,-1.0,0.0,1.0,-1.0,-0.00925735
-0.6842105263157895,0.0,-1.0,1.0,-1.0,1.0,-1.0,0.0470928
-1.0,1.0,1.0,0.0,-1.0,-0.1999999999999999,-1.0,0.1824
-1.0,0.0,-1.0,0.0,1.0,-0.6,-1.0,0.09808
-0.6842105263157895,1.0,-1.0,0.0,0.0,-1.0,-1.0,0.1544
1.0,1.0,1.0,0.0,1.0,-0.1999999999999999,1.0,0.361
-1.0,-1.0,-1.0,0.0,0.0,-0.1999999999999999,1.0,0.06054
-0.6842105263157895,0.0,1.0,0.0,1.0,1.0,-1.0,0.1915
-0.6842105263157895,-1.0,-1.0,0.0,0.0,0.1999999999999999,1.0,0.06987
-1.0,0.0,-0.219512195121951,0.0,1.0,0.1999999999999999,-1.0,0.1313
-0.6842105263157895,0.0,-1.0,1.0,-1.0,-1.0,1.0,0.107737
-1.0,1.0,1.0,0.0,0.0,1.0,-1.0,0.09937
-0.6842105263157895,-1.0,-1.0,0.0,0.0,-1.0,1.0,0.1255
-0.6842105263157895,-1.0,-1.0,0.0,0.0,1.0,-1.0,0.0905
-0.6842105263157895,0.0,-1.0,0.0,0.0,0.6000000000000001,1.0,0.07636
1.0,-1.0,1.0,0.0,-1.0,-0.1999999999999999,1.0,0.3609
-0.6842105263157895,1.0,-1.0,0.0,1.0,-1.0,-1.0,0.1544
-1.0,0.0,1.0,0.0,1.0,0.6000000000000001,-1.0,0.1756
-1.0,0.0,1.0,0.0,1.0,1.0,1.0,0.1522
-0.6842105263157895,0.0,1.0,0.0,-1.0,0.6000000000000001,-1.0,0.1391
-1.0,0.0,-1.0,1.0,-1.0,1.0,1.0,0.0369136
-1.0,1.0,1.0,0.0,1.0,-0.6,1.0,0.2108
-0.6842105263157895,1.0,-0.219512195121951,0.0,1.0,0.1999999999999999,1.0,0.1353
-0.6842105263157895,-1.0,-0.219512195121951,0.0,0.0,-1.0,-1.0,0.2872
-0.6842105263157895,1.0,-0.219512195121951,0.0,0.0,-1.0,1.0,0.2301
1.0,0.0,-0.219512195121951,0.0,-1.0,-1.0,1.0,0.3489
-0.6842105263157895,0.0,1.0,0.0,1.0,0.1999999999999999,1.0,0.1608
1.0,-1.0,-0.219512195121951,0.0,0.0,0.1999999999999999,-1.0,0.2731
-1.0,1.0,-0.219512195121951,0.0,-1.0,0.1999999999999999,1.0,0.05971
-0.6842105263157895,0.0,1.0,-1.0,-1.0,-0.1999999999999999,-1.0,0.183495
-0.6842105263157895,-1.0,-1.0,0.0,0.0,0.6000000000000001,1.0,0.07275
-1.0,-1.0,-0.219512195121951,0.0,0.0,0.6000000000000001,-1.0,0.09061
-0.6842105263157895,1.0,-0.219512195121951,0.0,1.0,1.0,1.0,0.1591
-1.0,-1.0,1.0,0.0,0.0,1.0,-1.0,0.1388
1.0,-1.0,-1.0,1.0,0.0,1.0,-1.0,0.113336
-0.6842105263157895,-1.0,1.0,0.0,1.0,1.0,1.0,0.1781
1.0,-1.0,-1.0,0.0,-1.0,0.6000000000000001,-1.0,0.1396
1.0,0.0,-1.0,0.0,-1.0,-0.1999999999999999,-1.0,0.2492
-0.6842105263157895,1.0,-1.0,0.0,0.0,1.0,1.0,0.08943
-1.0,-1.0,1.0,0.0,1.0,-0.6,1.0,0.2297
1.0,1.0,-0.219512195121951,0.0,1.0,1.0,1.0,0.4061
1.0,-1.0,1.0,-1.0,-1.0,-0.1999999999999999,-1.0,0.327388
1.0,1.0,-1.0,0.0,0.0,1.0,-1.0,0.2054
1.0,1.0,1.0,0.0,0.0,-0.1999999999999999,-1.0,0.3636
1.0,-1.0,1.0,0.0,0.0,1.0,-1.0,0.203
-1.0,0.0,-1.0,-1.0,-1.0,1.0,1.0,0.0361808
-1.0,-1.0,-1.0,-1.0,0.0,-1.0,-1.0,0.121151
-1.0,1.0,1.0,0.0,0.0,-1.0,1.0,0.351
-1.0,-1.0,-1.0,0.0,1.0,-0.6,-1.0,0.09746
-1.0,-1.0,1.0,-1.0,1.0,-0.1999999999999999,-1.0,0.230856
1.0,0.0,-1.0,0.0,-1.0,0.6000000000000001,1.0,0.06059
-0.6842105263157895,-1.0,1.0,0.0,0.0,0.6000000000000001,1.0,0.1087
-0.6842105263157895,0.0,-1.0,0.0,0.0,-0.6,1.0,0.08444
-0.6842105263157895,0.0,-1.0,0.0,1.0,-0.1999999999999999,1.0,0.1103
-1.0,-1.0,-1.0,1.0,-1.0,1.0,1.0,0.0408972
-1.0,0.0,-0.219512195121951,0.0,0.0,-0.6,1.0,0.1192
-0.6842105263157895,0.0,-1.0,1.0,-1.0,1.0,1.0,0.0350877
-1.0,1.0,1.0,0.0,1.0,1.0,-1.0,0.1686
-1.0,-1.0,-0.219512195121951,0.0,0.0,-0.6,1.0,0.1271
-0.6842105263157895,0.0,-0.219512195121951,0.0,0.0,-0.6,1.0,0.1239
1.0,-1.0,1.0,1.0,0.0,1.0,-1.0,0.142413
-1.0,-1.0,-1.0,0.0,-1.0,0.6000000000000001,1.0,0.04437
1.0,-1.0,-1.0,-1.0,0.0,-0.1999999999999999,1.0,0.133989
1.0,0.0,-0.219512195121951,0.0,1.0,0.1999999999999999,-1.0,0.3731
-0.6842105263157895,1.0,1.0,0.0,1.0,-1.0,1.0,0.3365
-1.0,0.0,-1.0,1.0,0.0,-0.1999999999999999,-1.0,0.068611
-1.0,0.0,1.0,0.0,-1.0,-0.1999999999999999,1.0,0.15
-0.6842105263157895,-1.0,-0.219512195121951,0.0,-1.0,1.0,1.0,0.05582
1.0,-1.0,-0.219512195121951,0.0,-1.0,-0.6,1.0,0.316
-0.6842105263157895,1.0,1.0,0.0,-1.0,-1.0,-1.0,0.4069
-0.6842105263157895,-1.0,1.0,0.0,-1.0,-0.1999999999999999,1.0,0.153
-0.6842105263157895,-1.0,-0.219512195121951,0.0,0.0,-0.1999999999999999,-1.0,0.1232
-0.6842105263157895,0.0,-0.219512195121951,0.0,1.0,-0.6,-1.0,0.1757
-1.0,-1.0,-1.0,1.0,1.0,-1.0,-1.0,0.128635
1.0,-1.0,-1.0,0.0,0.0,0.6000000000000001,-1.0,0.2056
-0.6842105263157895,0.0,1.0,0.0,0.0,-0.1999999999999999,-1.0,0.1818
-1.0,0.0,-1.0,0.0,0.0,1.0,-1.0,0.09338
-0.6842105263157895,-1.0,-1.0,0.0,0.0,-0.1999999999999999,-1.0,0.08609
-0.6842105263157895,-1.0,-1.0,0.0,0.0,-0.1999999999999999,1.0,0.07032
-1.0,-1.0,1.0,0.0,-1.0,-1.0,1.0,0.3661
-1.0,1.0,1.0,0.0,-1.0,-0.6,1.0,0.2016
1.0,1.0,-0.219512195121951,0.0,0.0,1.0,1.0,0.1782
-0.6842105263157895,1.0,1.0,0.0,0.0,0.1999999999999999,-1.0,0.135
-1.0,1.0,1.0,0.0,-1.0,-1.0,-1.0,0.4256
1.0,0.0,1.0,0.0,1.0,0.6000000000000001,1.0,0.403
1.0,1.0,-0.219512195121951,0.0,0.0,0.6000000000000001,1.0,0.2156
-0.6842105263157895,0.0,-1.0,-1.0,1.0,1.0,-1.0,0.167182
-1.0,0.0,-1.0,0.0,-1.0,0.6000000000000001,1.0,0.04012
-0.6842105263157895,0.0,1.0,1.0,-1.0,-1.0,1.0,0.35629
-0.6842105263157895,-1.0,1.0,0.0,1.0,-0.1999999999999999,1.0,0.1768
-0.6842105263157895,-1.0,-1.0,0.0,1.0,1.0,-1.0,0.1425
1.0,-1.0,-0.219512195121951,0.0,1.0,0.1999999999999999,1.0,0.3285
-1.0,1.0,-0.219512195121951,0.0,1.0,-0.1999999999999999,1.0,0.1126
-1.0,0.0,-0.219512195121951,0.0,1.0,1.0,1.0,0.1272
1.0,1.0,-0.219512195121951,0.0,1.0,-1.0,-1.0,0.5099
-0.6842105263157895,0.0,-0.219512195121951,0.0,1.0,0.1999999999999999,1.0,0.1303
1.0,-1.0,-0.219512195121951,0.0,0.0,0.6000000000000001,-1.0,0.2245
-1.0,0.0,1.0,0.0,1.0,0.1999999999999999,-1.0,0.1851
-1.0,0.0,-1.0,-1.0,0.0,-1.0,-1.0,0.115285
-1.0,1.0,-1.0,0.0,-1.0,0.6000000000000001,1.0,0.04051
-1.0,1.0,1.0,0.0,1.0,0.1999999999999999,-1.0,0.1765
1.0,0.0,1.0,0.0,0.0,0.6000000000000001,-1.0,0.2365
1.0,-1.0,-0.219512195121951,0.0,-1.0,1.0,-1.0,0.236
-1.0,-1.0,-0.219512195121951,0.0,0.0,1.0,1.0,0.06776
-0.6842105263157895,0.0,-1.0,0.0,-1.0,0.6000000000000001,-1.0,0.05701
-1.0,1.0,-0.219512195121951,0.0,0.0,-0.6,-1.0,0.1466
-0.6842105263157895,0.0,-1.0,-1.0,1.0,-0.1999999999999999,1.0,0.0967034
-0.6842105263157895,-1.0,-1.0,0.0,1.0,0.6000000000000001,1.0,0.1218
1.0,-1.0,1.0,-1.0,1.0,-0.1999999999999999,-1.0,0.301931
-0.6842105263157895,0.0,1.0,1.0,-1.0,-0.1999999999999999,-1.0,0.183767
-1.0,1.0,1.0,0.0,1.0,1.0,1.0,0.1506
-0.6842105263157895,0.0,1.0,0.0,1.0,0.1999999999999999,-1.0,0.1886
-1.0,0.0,-1.0,-1.0,0.0,-0.1999999999999999,1.0,0.0553235
1.0,0.0,1.0,0.0,-1.0,0.6000000000000001,1.0,0.3978
-1.0,1.0,-1.0,0.0,1.0,-0.6,1.0,0.08323
1.0,1.0,-1.0,0.0,1.0,-0.6,1.0,0.2336
1.0,-1.0,-1.0,1.0,0.0,-0.1999999999999999,1.0,0.132936
-0.6842105263157895,0.0,1.0,0.0,1.0,0.6000000000000001,-1.0,0.1873
-0.6842105263157895,-1.0,1.0,1.0,1.0,1.0,-1.0,0.19728
-0.6842105263157895,0.0,1.0,1.0,-1.0,-0.1999999999999999,1.0,0.145749
1.0,-1.0,1.0,1.0,0.0,-1.0,1.0,0.79461
-1.0,0.0,1.0,0.0,0.0,-0.1999999999999999,1.0,0.1497
-1.0,1.0,-0.219512195121951,0.0,-1.0,-1.0,-1.0,0.2608
-1.0,-1.0,1.0,0.0,0.0,-1.0,-1.0,0.4485
-1.0,0.0,-1.0,0.0,-1.0,0.1999999999999999,1.0,0.03938
-1.0,0.0,-0.219512195121951,0.0,0.0,0.6000000000000001,1.0,0.06159
-1.0,0.0,1.0,-1.0,1.0,1.0,-1.0,0.175188
1.0,-1.0,1.0,0.0,1.0,-0.6,1.0,0.3248
-0.6842105263157895,0.0,-0.219512195121951,0.0,0.0,-1.0,-1.0,0.2826
1.0,1.0,-1.0,0.0,0.0,-0.1999999999999999,-1.0,0.2642
1.0,-1.0,-0.219512195121951,0.0,0.0,1.0,1.0,0.1499
-0.6842105263157895,1.0,1.0,0.0,0.0,-1.0,-1.0,0.3979
-0.6842105263157895,1.0,-0.219512195121951,0.0,-1.0,-0.6,-1.0,0.1459
-1.0,1.0,-0.219512195121951,0.0,1.0,-1.0,1.0,0.2101
1.0,-1.0,1.0,0.0,-1.0,1.0,1.0,0.3948
-0.6842105263157895,0.0,-0.219512195121951,0.0,1.0,1.0,1.0,0.1497
-1.0,-1.0,1.0,-1.0,0.0,1.0,1.0,0.108608
1.0,-1.0,-0.219512195121951,0.0,1.0,0.1999999999999999,-1.0,0.3545
-1.0,-1.0,1.0,1.0,0.0,-1.0,1.0,0.380552
1.0,0.0,1.0,0.0,-1.0,-0.6,-1.0,0.4151
-0.6842105263157895,-1.0,1.0,0.0,-1.0,1.0,-1.0,0.1427
1.0,0.0,-1.0,0.0,0.0,0.6000000000000001,-1.0,0.2128
-0.6842105263157895,0.0,1.0,0.0,1.0,0.6000000000000001,1.0,0.1651
-0.6842105263157895,1.0,1.0,0.0,-1.0,-0.6,1.0,0.1902
-0.6842105263157895,0.0,-1.0,0.0,1.0,0.1999999999999999,1.0,0.1223
-1.0,0.0,-1.0,0.0,0.0,-0.6,-1.0,0.07773
-0.6842105263157895,0.0,1.0,0.0,-1.0,-0.1999999999999999,1.0,0.1446
1.0,1.0,-0.219512195121951,0.0,-1.0,-0.1999999999999999,-1.0,0.3426
1.0,0.0,-1.0,0.0,-1.0,0.1999999999999999,1.0,0.1458
-1.0,0.0,-0.219512195121951,0.0,1.0,0.1999999999999999,1.0,0.114
-0.6842105263157895,1.0,-0.219512195121951,0.0,0.0,1.0,1.0,0.0554
-1.0,0.0,-1.0,0.0,-1.0,-0.6,-1.0,0.06544
-1.0,0.0,1.0,0.0,0.0,-0.6,1.0,0.2104
-1.0,0.0,1.0,0.0,-1.0,0.1999999999999999,-1.0,0.1538
-1.0,0.0,-0.219512195121951,0.0,0.0,0.1999999999999999,-1.0,0.08922
-0.6842105263157895,-1.0,-1.0,1.0,-1.0,1.0,1.0,0.0390701
-1.0,-1.0,1.0,-1.0,-1.0,-1.0,-1.0,0.447235
-0.6842105263157895,0.0,1.0,-1.0,-1.0,1.0,1.0,0.107137
-1.0,0.0,-0.219512195121951,0.0,-1.0,1.0,1.0,0.04707
1.0,-1.0,1.0,-1.0,1.0,1.0,1.0,0.312579
1.0,-1.0,-1.0,0.0,0.0,-0.6,-1.0,0.2813
1.0,-1.0,1.0,1.0,-1.0,-1.0,1.0,0.767933
-1.0,-1.0,-0.219512195121951,0.0,-1.0,1.0,1.0,0.05469
1.0,-1.0,1.0,-1.0,-1.0,1.0,1.0,0.280648
1.0,1.0,1.0,0.0,-1.0,0.6000000000000001,1.0,0.42
-1.0,1.0,1.0,0.0,0.0,-1.0,-1.0,0.4269
1.0,-1.0,-0.219512195121951,0.0,0.0,-1.0,-1.0,0.4469
-1.0,0.0,-0.219512195121951,0.0,0.0,-0.1999999999999999,-1.0,0.1104
-1.0,-1.0,1.0,0.0,-1.0,-0.1999999999999999,1.0,0.1628
1.0,-1.0,-1.0,1.0,0.0,1.0,1.0,0.0945161
1.0,-1.0,-1.0,0.0,0.0,-1.0,1.0,0.2171
1.0,-1.0,-1.0,-1.0,0.0,-1.0,-1.0,0.235891
1.0,-1.0,1.0,-1.0,1.0,1.0,-1.0,0.328671
-1.0,-1.0,-1.0,1.0,-1.0,-0.1999999999999999,-1.0,0.0545593
-1.0,-1.0,-1.0,-1.0,1.0,1.0,-1.0,0.121775
1.0,0.0,-1.0,0.0,-1.0,1.0,-1.0,0.07096
-1.0,0.0,-1.0,-1.0,1.0,1.0,-1.0,0.173947
-1.0,1.0,-0.219512195121951,0.0,0.0,0.6000000000000001,-1.0,0.07133
-0.6842105263157895,-1.0,-1.0,0.0,-1.0,-1.0,1.0,0.1233
-1.0,-1.0,1.0,0.0,0.0,-0.1999999999999999,1.0,0.1646
-1.0,0.0,-1.0,0.0,-1.0,-0.1999999999999999,-1.0,0.05413
-0.6842105263157895,-1.0,-1.0,-1.0,0.0,1.0,1.0,0.0684152
-0.6842105263157895,-1.0,1.0,0.0,0.0,0.6000000000000001,-1.0,0.1419
-1.0,1.0,1.0,0.0,-1.0,0.6000000000000001,1.0,0.0997
-0.6842105263157895,-1.0,1.0,0.0,1.0,-0.6,-1.0,0.2664
-1.0,-1.0,1.0,-1.0,0.0,1.0,-1.0,0.14039
-0.6842105263157895,1.0,-1.0,0.0,-1.0,-0.1999999999999999,-1.0,0.06639
-1.0,1.0,-1.0,0.0,-1.0,-0.1999999999999999,-1.0,0.05388
1.0,0.0,-1.0,0.0,0.0,-1.0,-1.0,0.2976
1.0,-1.0,-1.0,-1.0,-1.0,1.0,-1.0,0.0533584
-0.6842105263157895,-1.0,-0.219512195121951,0.0,0.0,0.6000000000000001,1.0,0.07206
-0.6842105263157895,-1.0,1.0,0.0,-1.0,-0.1999999999999999,-1.0,0.1957
1.0,0.0,1.0,0.0,1.0,0.6000000000000001,-1.0,0.4195
-0.6842105263157895,-1.0,-1.0,-1.0,1.0,-0.1999999999999999,1.0,0.0918115
-1.0,0.0,-0.219512195121951,0.0,0.0,1.0,-1.0,0.07127
-1.0,0.0,1.0,-1.0,-1.0,1.0,1.0,0.0970376
-1.0,1.0,-0.219512195121951,0.0,1.0,-0.6,-1.0,0.1605
-1.0,0.0,1.0,-1.0,1.0,-0.1999999999999999,1.0,0.17257
1.0,0.0,1.0,0.0,1.0,0.1999999999999999,-1.0,0.3987
1.0,0.0,-1.0,0.0,-1.0,-0.6,-1.0,0.2911
-0.6842105263157895,0.0,-0.219512195121951,0.0,0.0,0.1999999999999999,1.0,0.07224
-0.6842105263157895,-1.0,1.0,0.0,-1.0,0.6000000000000001,1.0,0.1197
-1.0,-1.0,-0.219512195121951,0.0,-1.0,-0.6,1.0,0.1222
1.0,0.0,-1.0,0.0,-1.0,-0.6,1.0,0.2501
-0.6842105263157895,0.0,1.0,-1.0,1.0,-1.0,-1.0,0.410963
1.0,-1.0,1.0,0.0,-1.0,0.1999999999999999,-1.0,0.3945
-1.0,-1.0,-1.0,0.0,1.0,1.0,-1.0,0.1309
-1.0,-1.0,-1.0,1.0,0.0,-0.1999999999999999,1.0,0.0579405
-0.6842105263157895,1.0,-0.219512195121951,0.0,1.0,-0.1999999999999999,1.0,0.1291
1.0,0.0,1.0,0.0,1.0,-0.6,1.0,0.4013
-0.6842105263157895,-1.0,-1.0,0.0,1.0,-0.6,-1.0,0.1182
-1.0,-1.0,-1.0,0.0,0.0,0.6000000000000001,1.0,0.06735
-1.0,1.0,-1.0,0.0,1.0,-1.0,-1.0,0.1242
-1.0,0.0,1.0,0.0,1.0,-1.0,1.0,0.3581
1.0,-1.0,-1.0,0.0,0.0,0.6000000000000001,1.0,0.1773
1.0,0.0,-1.0,0.0,1.0,0.6000000000000001,-1.0,0.2905
-1.0,0.0,-1.0,0.0,-1.0,-1.0,1.0,0.08513
-1.0,0.0,1.0,0.0,1.0,-0.1999999999999999,1.0,0.1706
-0.6842105263157895,1.0,1.0,0.0,0.0,1.0,-1.0,0.09794
1.0,-1.0,-0.219512195121951,0.0,0.0,-0.1999999999999999,1.0,0.2738
1.0,-1.0,-0.219512195121951,0.0,1.0,-1.0,-1.0,0.4784
-1.0,0.0,-1.0,-1.0,-1.0,-0.1999999999999999,1.0,0.0389887
1.0,-1.0,1.0,-1.0,-1.0,-1.0,1.0,0.790063
-0.6842105263157895,0.0,-0.219512195121951,0.0,1.0,-0.6,1.0,0.1425
-1.0,-1.0,-0.219512195121951,0.0,1.0,0.1999999999999999,-1.0,0.138
1.0,1.0,-0.219512195121951,0.0,-1.0,-1.0,1.0,0.3564
-0.6842105263157895,0.0,-0.219512195121951,0.0,1.0,-1.0,1.0,0.2227
1.0,1.0,1.0,0.0,1.0,0.6000000000000001,1.0,0.418
-0.6842105263157895,-1.0,1.0,1.0,0.0,-1.0,-1.0,0.412649
1.0,0.0,1.0,0.0,-1.0,1.0,-1.0,0.4336
-1.0,1.0,-1.0,0.0,0.0,0.6000000000000001,-1.0,0.09102
-0.6842105263157895,-1.0,-1.0,1.0,-1.0,-1.0,1.0,0.107047
-1.0,0.0,-1.0,0.0,1.0,-1.0,1.0,0.098
-0.6842105263157895,-1.0,-0.219512195121951,0.0,1.0,1.0,1.0,0.1465
-1.0,-1.0,1.0,-1.0,-1.0,-1.0,1.0,0.379251
-1.0,0.0,1.0,0.0,-1.0,-1.0,-1.0,0.435
1.0,1.0,-0.219512195121951,0.0,1.0,0.6000000000000001,-1.0,0.4078
-1.0,0.0,-1.0,1.0,0.0,-1.0,-1.0,0.115731
1.0,1.0,-0.219512195121951,0.0,1.0,-0.1999999999999999,-1.0,0.3751
1.0,-1.0,-1.0,0.0,1.0,1.0,1.0,0.235
-0.6842105263157895,-1.0,1.0,-1.0,0.0,1.0,-1.0,0.12901
-1.0,-1.0,1.0,0.0,0.0,0.1999999999999999,1.0,0.1346
-1.0,-1.0,1.0,0.0,-1.0,0.1999999999999999,-1.0,0.1725
1.0,1.0,1.0,0.0,0.0,0.1999999999999999,-1.0,0.3084
1.0,0.0,-0.219512195121951,0.0,1.0,1.0,1.0,0.3823
1.0,-1.0,1.0,0.0,1.0,-1.0,-1.0,0.4327
-0.6842105263157895,0.0,-1.0,0.0,0.0,-0.1999999999999999,1.0,0.07316
-0.6842105263157895,1.0,-1.0,0.0,1.0,-1.0,1.0,0.1272
